{
  "feature_names": [
    "Current Loan Amount",
    "Credit Score",
    "Annual Income",
    "Monthly Debt",
    "Years of Credit History",
    "Number of Open Accounts",
    "Number of Credit Problems",
    "Current Credit Balance",
    "Maximum Open Credit",
    "Bankruptcies",
    "Tax Liens",
    "Years in current job",
    "Term_Short Term",
    "Home Ownership_Home Mortgage",
    "Home Ownership_Own Home",
    "Home Ownership_Rent",
    "Purpose_Buy House",
    "Purpose_Buy a Car",
    "Purpose_Debt Consolidation",
    "Purpose_Educational Expenses",
    "Purpose_Home Improvements",
    "Purpose_Medical Bills",
    "Purpose_Other",
    "Purpose_Take a Trip",
    "Purpose_major_purchase",
    "Purpose_moving",
    "Purpose_other",
    "Purpose_renewable_energy",
    "Purpose_small_business",
    "Purpose_vacation",
    "Purpose_wedding",
    "Debt_to_Income",
    "Credit_Utilization",
    "Loan_to_Income"
  ],
  "coefficients": [
    0.08794739848185698,
    1.936817671645702,
    -0.24092244281693304,
    0.02533274314803895,
    -0.024577225343872466,
    0.010354204170116671,
    0.06497932245993313,
    2.801808839542931e-05,
    -0.4114687573485844,
    -0.048741852290630286,
    -0.0062736580574739385,
    0.0013286136605179647,
    -0.2379219221763852,
    0.02739208659042406,
    0.05192883096883076,
    0.17236397996540437,
    -0.05277586217532726,
    -0.09885988518846031,
    -0.23109027352393724,
    -0.018803155032799827,
    -0.11480212672550053,
    -0.027127969952934445,
    -0.11342664404984955,
    -0.03715146258392365,
    -0.024195097641564637,
    -0.0032539607688612366,
    -0.08219973615568907,
    0.004304769700750871,
    0.029804318827765665,
    -0.0020858516210968472,
    -0.013559853074455647,
    0.13419339876867192,
    -0.032112538655904126,
    0.07293805505694471
  ],
  "intercept": -1.0843140581292818,
  "scaler_mean": [
    307149.28926,
    1008.94665,
    1339180.45705,
    18472.412335800003,
    18.199140999999997,
    11.12853,
    0.16831,
    294637.38235,
    760792.52326,
    0.1175,
    0.02931,
    5.8969,
    0.72208,
    0.4841,
    0.09182,
    0.42194,
    0.00678,
    0.01265,
    0.78552,
    0.00099,
    0.05839,
    0.01127,
    0.0325,
    0.00573,
    0.00352,
    0.0015,
    0.06037,
    0.0001,
    0.00283,
    0.00101,
    0.00115,
    0.17171907380742527,
    759.3011682239803,
    0.24982476832817516
  ],
  "scaler_scale": [
    175825.48880151138,
    1333.8229886697025,
    975604.6323662736,
    12174.931734364955,
    7.0152885729753836,
    5.009845310895337,
    0.48270254184124617,
    376169.0538067955,
    8384377.806209633,
    0.3511036171844432,
    0.25816840221065007,
    3.5535911962407836,
    0.44797374208763624,
    0.49974712605476773,
    0.28877168767038086,
    0.49386904782543317,
    0.08206114549529517,
    0.11175856790421038,
    0.4104611182560413,
    0.031448686777034114,
    0.23447944025009956,
    0.10556034814266196,
    0.1773238562630533,
    0.07547958068246008,
    0.059225075770318776,
    0.03870077518603471,
    0.23817107947859661,
    0.009999499987499376,
    0.05312241617245962,
    0.031764443958615114,
    0.03389214510767945,
    0.07199246261658925,
    46818.19392515639,
    0.1087660963674559
  ],
  "medians": {
    "Current Loan Amount": 267344.0,
    "Credit Score": 724.0,
    "Annual Income": 1174162.0,
    "Monthly Debt": 16220.3,
    "Years of Credit History": 16.9,
    "Number of Open Accounts": 10.0,
    "Number of Credit Problems": 0.0,
    "Current Credit Balance": 209817.0,
    "Maximum Open Credit": 467874.0,
    "Bankruptcies": 0.0,
    "Tax Liens": 0.0,
    "Years in current job": 6.0,
    "Term_Short Term": 1.0,
    "Home Ownership_Home Mortgage": 0.0,
    "Home Ownership_Own Home": 0.0,
    "Home Ownership_Rent": 0.0,
    "Purpose_Buy House": 0.0,
    "Purpose_Buy a Car": 0.0,
    "Purpose_Debt Consolidation": 1.0,
    "Purpose_Educational Expenses": 0.0,
    "Purpose_Home Improvements": 0.0,
    "Purpose_Medical Bills": 0.0,
    "Purpose_Other": 0.0,
    "Purpose_Take a Trip": 0.0,
    "Purpose_major_purchase": 0.0,
    "Purpose_moving": 0.0,
    "Purpose_other": 0.0,
    "Purpose_renewable_energy": 0.0,
    "Purpose_small_business": 0.0,
    "Purpose_vacation": 0.0,
    "Purpose_wedding": 0.0,
    "Debt_to_Income": 0.16899846644427574,
    "Credit_Utilization": 0.4965719217553216,
    "Loan_to_Income": 0.23934794585660427
  },
  "cat_features": {
    "Term": [
      "Long Term",
      "Short Term"
    ],
    "Home Ownership": [
      "HaveMortgage",
      "Home Mortgage",
      "Own Home",
      "Rent"
    ],
    "Purpose": [
      "Business Loan",
      "Buy House",
      "Buy a Car",
      "Debt Consolidation",
      "Educational Expenses",
      "Home Improvements",
      "Medical Bills",
      "Other",
      "Take a Trip",
      "major_purchase",
      "moving",
      "other",
      "renewable_energy",
      "small_business",
      "vacation",
      "wedding"
    ]
  }
}